Datetime,ms_x,Level(m),Temp(C)_x
2023-03-31 15:30:07,0,0.18147776759999878,7.8
2023-03-31 15:45:07,0,0.1815613683999988,7.8
2023-03-31 16:00:07,0,0.18314193440000004,7.8
2023-03-31 16:15:07,0,0.18183062319999976,7.8
2023-03-31 16:30:07,0,0.17982994880000014,7.7
2023-03-31 16:45:07,0,0.18292989759999934,7.7
2023-03-31 17:00:07,0,0.18369266440000054,7.7
2023-03-31 17:15:07,0,0.18315634039999829,7.7
2023-03-31 17:30:07,0,0.18171448880000085,7.7
2023-03-31 17:45:07,0,0.18278317160000057,7.7
2023-03-31 18:00:07,0,0.1824670584000021,7.7
2023-03-31 18:15:07,0,0.18612785320000036,7.7
2023-03-31 18:30:07,0,0.18396604680000017,7.7
2023-03-31 18:45:07,0,0.18526109119999923,7.7
2023-03-31 19:00:07,0,0.1855323692000006,7.7
2023-03-31 19:15:07,0,0.18426589320000097,7.7
2023-03-31 19:30:07,0,0.18512043479999996,7.7
2023-03-31 19:45:07,0,0.18205722839999972,7.7
2023-03-31 20:00:07,0,0.1847758343999999,7.7
2023-03-31 20:15:07,0,0.1848574119999995,7.7
2023-03-31 20:30:07,0,0.18373167359999876,7.7
2023-03-31 20:45:07,0,0.18359506359999855,7.7
2023-03-31 21:00:07,0,0.1848022983999993,7.7
2023-03-31 21:15:07,0,0.18308714560000006,7.7
2023-03-31 21:30:07,0,0.18201643959999814,7.7
2023-03-31 21:45:07,0,0.1838315412,7.7
2023-03-31 22:00:07,0,0.18214892199999966,7.7
2023-03-31 22:15:07,0,0.18204079920000105,7.7
2023-03-31 22:30:07,0,0.18447388360000083,7.8
2023-03-31 22:45:07,0,0.19187292319999827,7.8
2023-03-31 23:00:07,0,0.2194174211999993,7.6
2023-03-31 23:15:07,0,0.23662406279999715,7.6
2023-03-31 23:30:07,0,0.2432256975999998,7.6
2023-03-31 23:45:07,0,0.24226101,7.6
2023-04-01 00:00:07,0,0.24584832000000034,7.6
2023-04-01 00:15:07,0,0.24478578799999795,7.5
2023-04-01 00:30:07,0,0.24399040640000003,7.5
2023-04-01 00:45:07,0,0.2449081544000009,7.5
2023-04-01 01:00:07,0,0.24155942640000028,7.4
2023-04-01 01:15:07,0,0.2424159911999979,7.4
2023-04-01 01:30:07,0,0.24115971239999823,7.4
2023-04-01 01:45:07,0,0.24058664600000057,7.4
2023-04-01 02:00:07,0,0.24055605439999894,7.3
2023-04-01 02:15:07,0,0.2409802903999978,7.3
2023-04-01 02:30:07,0,0.23925494039999862,7.3
2023-04-01 02:45:07,0,0.23965060799999804,7.3
2023-04-01 03:00:07,0,0.23917951359999812,7.3
2023-04-01 03:15:07,0,0.24027061399999816,7.3
2023-04-01 03:30:07,0,0.23923867359999917,7.3
2023-04-01 03:45:07,0,0.2374317460000004,7.2
2023-04-01 04:00:07,0,0.2348682023999995,7.2
2023-04-01 04:15:07,0,0.23516189799999943,7.2
2023-04-01 04:30:07,0,0.23456439079999925,7.2
2023-04-01 04:45:07,0,0.23442778079999904,7.2
2023-04-01 05:00:07,0,0.23547606919999886,7.2
2023-04-01 05:15:07,0,0.23650396320000056,7.2
2023-04-01 05:30:07,0,0.23545980239999764,7.2
2023-04-01 05:45:07,0,0.23234763319999807,7.2
2023-04-01 06:00:07,0,0.23233743599999812,7.2
2023-04-01 06:15:07,0,0.2327799620000004,7.2
2023-04-01 06:30:07,0,0.23257804119999825,7.2
2023-04-01 06:45:07,0,0.22958815719999848,7.2
2023-04-01 07:00:07,0,0.2283461219999996,7.2
2023-04-01 07:15:07,0,0.2289518031999993,7.2
2023-04-01 07:30:07,0,0.22694497800000057,7.2
2023-04-01 07:45:07,0,0.22458942480000132,7.2
2023-04-01 08:00:07,0,0.2236736999999991,7.2
2023-04-01 08:15:07,0,0.22248265079999996,7.2
2023-04-01 08:30:07,0,0.22138539959999903,7.2
2023-04-01 08:45:07,0,0.2179305720000002,7.2
2023-04-01 09:00:07,0,0.21771845399999812,7.2
2023-04-01 09:15:07,0,0.21810999399999886,7.2
2023-04-01 09:30:07,0,0.21859330879999916,7.2
2023-04-01 09:45:07,0,0.21399437160000012,7.2
2023-04-01 10:00:07,0,0.21440428279999857,7.2
2023-04-01 10:15:07,0,0.21260140160000063,7.2
2023-04-01 10:30:07,0,0.21204257880000021,7.1
2023-04-01 10:45:07,0,0.2117896720000001,7.1
2023-04-01 11:00:07,0,0.20994397880000015,7.1
2023-04-01 11:15:07,0,0.2089670708,7.1
2023-04-01 11:30:07,0,0.2089079108000007,7.1
2023-04-01 11:45:07,0,0.2076352840000002,7.1
2023-04-01 12:00:07,0,0.20930147399999832,7.1
2023-04-01 12:15:07,0,0.20620152519999912,7.1
2023-04-01 12:30:07,0,0.20689695799999797,7.1
2023-04-01 12:45:07,0,0.2041049483999977,7.1
2023-04-01 13:00:07,0,0.20367868919999843,7.1
2023-04-01 13:15:07,0,0.20502674279999944,7.1
2023-04-01 13:30:07,0,0.204263976,7.1
2023-04-01 13:45:07,0,0.2021551788,7.1
2023-04-01 14:00:07,0,0.20256509000000023,7.1
2023-04-01 14:15:07,0,0.19962012239999893,7.1
2023-04-01 14:30:07,0,0.19967515479999953,7.1
2023-04-01 14:45:07,0,0.20037058760000015,7.1
2023-04-01 15:00:07,0,0.1990082092000005,7.2
2023-04-01 15:15:07,0,0.20115366759999986,7.2
2023-04-01 15:30:07,0,0.19998301279999886,7.2
2023-04-01 15:45:07,0,0.20050509319999854,7.2
2023-04-01 16:00:07,0,0.19571240919999866,7.2
2023-04-01 16:15:07,0,0.1962874988000003,7.2
2023-04-01 16:30:07,0,0.19596321159999874,7.2
2023-04-01 16:45:07,0,0.19481497439999984,7.2
2023-04-01 17:00:07,0,0.19344037559999983,7.2
2023-04-01 17:15:07,0,0.19620786319999972,7.2
2023-04-01 17:30:07,0,0.1950576028000004,7.2
2023-04-01 17:45:07,0,0.1938869479999994,7.2
2023-04-01 18:00:07,0,0.1942356759999999,7.2
2023-04-01 18:15:07,0,0.19317719040000014,7.2
2023-04-01 18:30:07,0,0.19180259160000013,7.2
2023-04-01 18:45:07,0,0.19126416319999784,7.2
2023-04-01 19:00:07,0,0.19297114199999932,7.2
2023-04-01 19:15:07,0,0.19054420839999864,7.1
2023-04-01 19:30:07,0,0.1890656143999987,7.1
2023-04-01 19:45:07,0,0.19075017559999807,7.1
2023-04-01 20:00:07,0,0.18804791759999873,7.1
2023-04-01 20:15:07,0,0.19068284159999926,7.1
2023-04-01 20:30:07,0,0.18996903759999917,7.1
2023-04-01 20:45:07,0,0.18998328119999996,7.1
2023-04-01 21:00:07,0,0.18900434999999938,7.1
2023-04-01 21:15:07,0,0.18714845959999948,7.1
2023-04-01 21:30:07,0,0.18656924239999917,7.1
2023-04-01 21:45:07,0,0.18788872760000075,7.1
2023-04-01 22:00:07,0,0.1861042176000005,7.1
2023-04-01 22:15:07,0,0.1859736771999998,7.1
2023-04-01 22:30:07,0,0.18757666080000135,7.1
2023-04-01 22:45:07,0,0.18663649519999836,7.1
2023-04-01 23:00:07,0,0.18275953599999895,7.0
2023-04-01 23:15:07,0,0.18258618359999979,7.0
2023-04-01 23:30:07,0,0.18606545199999935,7.0
2023-04-01 23:45:07,0,0.18351412879999884,7.0
2023-04-02 00:00:07,0,0.18531085919999946,7.0
2023-04-02 00:15:07,0,0.1849539571999994,7.0
2023-04-02 00:30:07,0,0.18518849280000005,7.0
2023-04-02 00:45:07,0,0.18345496879999956,7.0
2023-04-02 01:00:07,0,0.18603688359999992,7.0
2023-04-02 01:15:07,0,0.18486420560000028,7.0
2023-04-02 01:30:07,0,0.1834447715999996,7.0
2023-04-02 01:45:07,0,0.18333260240000016,7.0
2023-04-02 02:00:07,0,0.18255761520000036,7.0
2023-04-02 02:15:07,0,0.1804039827999997,6.9
2023-04-02 02:30:07,0,0.18180302240000046,6.9
2023-04-02 02:45:07,0,0.18037541440000027,6.9
2023-04-02 03:00:07,0,0.18019186479999938,6.9
2023-04-02 03:15:07,0,0.17946786359999933,6.8
2023-04-02 03:30:07,0,0.1773856116000001,6.8
2023-04-02 03:45:07,0,0.17783631160000013,6.8
2023-04-02 04:00:07,0,0.17657185880000092,6.7
2023-04-02 04:15:07,0,0.17652289599999982,6.7
2023-04-02 04:30:07,0,0.17760582240000033,6.7
2023-04-02 04:45:07,0,0.1774120755999995,6.7
2023-04-02 05:00:07,0,0.17584988079999953,6.7
2023-04-02 05:15:07,0,0.17504227879999945,6.7
2023-04-02 05:30:07,0,0.17683900920000006,6.7
2023-04-02 05:45:07,0,0.17416531960000015,6.6
2023-04-02 06:00:07,0,0.17524824600000066,6.6
2023-04-02 06:15:07,0,0.17602323320000046,6.6
2023-04-02 06:30:07,0,0.17396339879999978,6.6
2023-04-02 06:45:07,0,0.1742591176000019,6.6
2023-04-02 07:00:07,0,0.1730742192000001,6.6
2023-04-02 07:15:07,0,0.17474656000000088,6.6
2023-04-02 07:30:07,0,0.17417349359999967,6.6
2023-04-02 07:45:07,0,0.17527276799999925,6.6
2023-04-02 08:00:07,0,0.17582341680000013,6.6
2023-04-02 08:15:07,0,0.17986353120000054,6.7
2023-04-02 08:30:07,0,0.1782707448000007,6.7
2023-04-02 08:45:07,0,0.17897435159999908,6.7
2023-04-02 09:00:07,0,0.1822598731999996,6.8
2023-04-02 09:15:07,0,0.18115655239999917,6.8
2023-04-02 09:30:07,0,0.1793781931999998,6.8
2023-04-02 09:45:07,0,0.1815196052000001,6.8
2023-04-02 10:00:07,0,0.18286765879999933,6.9
2023-04-02 10:15:07,0,0.1821252863999998,6.9
2023-04-02 10:30:07,0,0.18199069960000003,6.9
2023-04-02 10:45:07,0,0.18285746159999938,6.9
2023-04-02 11:00:07,0,0.18326534959999918,6.9
2023-04-02 11:15:07,0,0.1848846811999998,7.0
2023-04-02 11:30:07,0,0.1832796743999996,7.0
2023-04-02 11:45:07,0,0.18159511319999844,7.0
2023-04-02 12:00:07,0,0.1827555707999977,7.0
2023-04-02 12:15:07,0,0.18320222439999867,7.0
2023-04-02 12:30:07,0,0.18538442520000054,7.1
2023-04-02 12:45:07,0,0.18458702039999864,7.1
2023-04-02 13:00:07,0,0.1846380063999984,7.1
2023-04-02 13:15:07,0,0.18615738919999814,7.1
2023-04-02 13:30:07,0,0.1851968291999988,7.1
2023-04-02 13:45:07,0,0.18694872439999877,7.2
2023-04-02 14:00:07,0,0.18691610960000204,7.2
2023-04-02 14:15:07,0,0.18692226039999937,7.2
2023-04-02 14:30:07,0,0.1879093655999995,7.2
2023-04-02 14:45:07,0,0.18588627359999776,7.2
2023-04-02 15:00:07,0,0.18726087239999956,7.3
2023-04-02 15:15:07,0,0.1881867943999982,7.3
2023-04-02 15:30:07,0,0.19040776079999944,7.3
2023-04-02 15:45:07,0,0.18878235959999934,7.3
2023-04-02 16:00:07,0,0.1910237203999987,7.3
2023-04-02 16:15:07,0,0.18914338919999985,7.3
2023-04-02 16:30:07,0,0.1900387196000004,7.3
2023-04-02 16:45:07,0,0.1928327523999993,7.3
2023-04-02 17:00:07,0,0.193860646400001,7.4
2023-04-02 17:15:07,0,0.1939830128000004,7.4
2023-04-02 17:30:07,0,0.19417473640000082,7.4
2023-04-02 17:45:07,0,0.19464995839999943,7.4
2023-04-02 18:00:07,0,0.19534134480000098,7.4
2023-04-02 18:15:07,0,0.19618973560000086,7.4
2023-04-02 18:30:07,0,0.1934854543999993,7.4
2023-04-02 18:45:07,0,0.1956676551999994,7.4
2023-04-02 19:00:07,0,0.19359560040000012,7.4
2023-04-02 19:15:07,0,0.19354866079999944,7.4
2023-04-02 19:30:07,0,0.19176617399999962,7.4
2023-04-02 19:45:07,0,0.19085862320000047,7.4
2023-04-02 20:00:07,0,0.19108296159999938,7.4
2023-04-02 20:15:07,0,0.19037935479999923,7.4
2023-04-02 20:30:07,0,0.18979811440000027,7.4
2023-04-02 20:45:07,0,0.19048132680000052,7.4
2023-04-02 21:00:07,0,0.19011422760000052,7.4
2023-04-02 21:15:07,0,0.18953298719999978,7.4
2023-04-02 21:30:07,0,0.18705304439999892,7.4
2023-04-02 21:45:07,0,0.1879096092000001,7.4
2023-04-02 22:00:07,0,0.18633721720000018,7.4
2023-04-02 22:15:07,0,0.1859171088,7.4
2023-04-02 22:30:07,0,0.18622100159999988,7.4
2023-04-02 22:45:07,0,0.18603542880000035,7.3
2023-04-02 23:00:07,0,0.18462619199999963,7.3
2023-04-02 23:15:07,0,0.1850524511999989,7.3
2023-04-02 23:30:07,0,0.18521560639999812,7.3
2023-04-02 23:45:07,0,0.18721628079999952,7.3
2023-04-03 00:00:07,0,0.18772614079999883,7.3
2023-04-03 00:15:07,0,0.18514422599999847,7.3
2023-04-03 00:30:07,0,0.18483830999999995,7.3
2023-04-03 00:45:07,0,0.18411430879999813,7.3
2023-04-03 01:00:07,0,0.18401233679999862,7.3
2023-04-03 01:15:07,0,0.1840939144,7.3
2023-04-03 01:30:07,0,0.18373498919999776,7.3
2023-04-03 01:45:07,0,0.1847037231999984,7.3
2023-04-03 02:00:07,0,0.18219318879999946,7.3
2023-04-03 02:15:07,0,0.18482406639999915,7.3
2023-04-03 02:30:07,0,0.1844263755999993,7.3
2023-04-03 02:45:07,0,0.1847322915999996,7.3
2023-04-03 03:00:07,0,0.18379212600000017,7.3
2023-04-03 03:15:07,0,0.18557663599999863,7.3
2023-04-03 03:30:07,0,0.18495460679999987,7.3
2023-04-03 03:45:07,0,0.1849342123999982,7.3
2023-04-03 04:00:07,0,0.18220953679999852,7.2
2023-04-03 04:15:07,0,0.18197500119999788,7.2
2023-04-03 04:30:07,0,0.18360857639999928,7.2
2023-04-03 04:45:07,0,0.182568461999999,7.2
2023-04-03 05:00:07,0,0.18194643279999845,7.2
2023-04-03 05:15:07,0,0.1816303195999982,7.2
2023-04-03 05:30:07,0,0.18137741279999986,7.2
2023-04-03 05:45:07,0,0.1817139204,7.2
2023-04-03 06:00:07,0,0.1827213388000004,7.2
2023-04-03 06:15:07,0,0.18027401079999983,7.2
2023-04-03 06:30:07,0,0.1800394751999992,7.2
2023-04-03 06:45:07,0,0.18082465959999894,7.2
2023-04-03 07:00:07,0,0.17971114159999857,7.2
2023-04-03 07:15:07,0,0.17813057559999912,7.2
2023-04-03 07:30:07,0,0.17632567119999898,7.2
2023-04-03 07:45:07,0,0.17652144120000024,7.2
2023-04-03 08:00:07,0,0.17674577960000093,7.2
2023-04-03 08:15:07,0,0.17705986960000075,7.2
2023-04-03 08:30:07,0,0.17696809479999942,7.2
2023-04-03 08:45:07,0,0.1771312500000004,7.2
2023-04-03 09:00:07,0,0.17709046119999883,7.2
2023-04-03 09:15:07,0,0.17829373079999833,7.2
2023-04-03 09:30:07,0,0.17829373079999833,7.2
2023-04-03 09:45:07,0,0.17752691759999806,7.3
2023-04-03 10:00:07,0,0.17750652319999993,7.3
2023-04-03 10:15:07,0,0.17725159320000117,7.3
2023-04-03 10:30:07,0,0.17831210199999958,7.3
2023-04-03 10:45:07,0,0.17626246479999885,7.3
2023-04-03 11:00:07,0,0.17626246479999885,7.3
2023-04-03 11:15:07,0,0.1788627507999987,7.4
2023-04-03 11:30:07,0,0.17767785239999867,7.4
2023-04-03 11:45:07,0,0.17776962719999823,7.4
2023-04-03 12:00:07,0,0.17849362839999827,7.4
2023-04-03 12:15:07,0,0.1754018535999986,7.4
2023-04-03 12:30:07,0,0.17914624919999866,7.5
2023-04-03 12:45:07,0,0.17655413719999835,7.5
2023-04-03 13:00:07,0,0.17786957599999909,7.5
2023-04-03 13:15:07,0,0.17711295999999876,7.5
2023-04-03 13:30:07,0,0.17846716439999888,7.6
2023-04-03 13:45:07,0,0.17734344919999856,7.6
2023-04-03 14:00:07,0,0.17903618439999747,7.6
2023-04-03 14:15:07,0,0.1789729780000009,7.6
2023-04-03 14:30:07,0,0.17945224640000035,7.7
2023-04-03 14:45:07,0,0.18092064320000034,7.7
2023-04-03 15:00:07,0,0.18231765960000068,7.7
2023-04-03 15:15:07,0,0.17941760839999965,7.7
2023-04-03 15:30:07,0,0.1796929328000001,7.7
2023-04-03 15:45:07,0,0.1809777799999992,7.8
2023-04-03 16:00:07,0,0.18202809159999944,7.8
2023-04-03 16:15:07,0,0.18195468799999936,7.8
2023-04-03 16:30:07,0,0.18240336480000074,7.8
2023-04-03 16:45:07,0,0.18124905800000057,7.8
2023-04-03 17:00:07,0,0.18170793200000013,7.8
2023-04-03 17:15:07,0,0.18231976400000072,7.8
2023-04-03 17:30:07,0,0.18081875240000045,7.8
2023-04-03 17:45:07,0,0.18242990999999975,7.9
2023-04-03 18:00:07,0,0.18314371400000162,7.9
2023-04-03 18:15:07,0,0.18253188199999926,7.9
2023-04-03 18:30:07,0,0.18428782360000007,7.9
2023-04-03 18:45:07,0,0.18379835799999888,7.9
2023-04-03 19:00:07,0,0.18311514560000042,7.9
2023-04-03 19:15:07,0,0.18453255639999888,7.9
2023-04-03 19:30:07,0,0.1826848400000003,7.9
2023-04-03 19:45:07,0,0.182378924,7.9
2023-04-03 20:00:07,0,0.1817059087999997,7.9
2023-04-03 20:15:07,0,0.18418585159999878,7.9
2023-04-03 20:30:07,0,0.18297238479999933,7.9
2023-04-03 20:45:07,0,0.18400432519999832,7.9
2023-04-03 21:00:07,0,0.1832497324000002,7.9
2023-04-03 21:15:07,0,0.18362905200000057,7.9
2023-04-03 21:30:07,0,0.1819974999999996,7.9
2023-04-03 21:45:07,0,0.18027417319999905,7.9
2023-04-03 22:00:07,0,0.18206888039999924,7.9
2023-04-03 22:15:07,0,0.18045772279999994,7.9
2023-04-03 22:30:07,0,0.18075141839999986,7.9
2023-04-03 22:45:07,0,0.1809655596000006,7.9
2023-04-03 23:00:07,0,0.1787833588000005,7.9
2023-04-03 23:15:07,0,0.1805902863999993,7.9
2023-04-03 23:30:07,0,0.17992746840000073,7.9
2023-04-03 23:45:07,0,0.18074526759999898,7.9
2023-04-04 00:00:07,0,0.18216470160000142,7.9
2023-04-04 00:15:07,0,0.1791157388000002,7.9
2023-04-04 00:30:07,0,0.17830813680000013,7.8
2023-04-04 00:45:07,0,0.17672554760000025,7.8
2023-04-04 01:00:07,0,0.17909332119999988,7.8
2023-04-04 01:15:07,0,0.1769519091999996,7.8
2023-04-04 01:30:07,0,0.17661540159999944,7.8
2023-04-04 01:45:07,0,0.17914430719999963,7.8
2023-04-04 02:00:07,0,0.17903213800000017,7.8
2023-04-04 02:15:07,0,0.17818577039999894,7.8
2023-04-04 02:30:07,0,0.1760219408000001,7.8
2023-04-04 02:45:07,0,0.17778807960000087,7.8
2023-04-04 03:00:07,0,0.17784108880000105,7.8
2023-04-04 03:15:07,0,0.1763624948000011,7.8
2023-04-04 03:30:07,0,0.17737201759999977,7.8
2023-04-04 03:45:07,0,0.174504581199999,7.8
2023-04-04 04:00:07,0,0.1757486396000001,7.8
2023-04-04 04:15:07,0,0.17557528720000093,7.8
2023-04-04 04:30:07,0,0.17435162320000153,7.8
2023-04-04 04:45:07,0,0.1735868331999999,7.8
2023-04-04 05:00:07,0,0.1721592251999997,7.8
2023-04-04 05:15:07,0,0.17212863360000163,7.8
2023-04-04 05:30:07,0,0.17229178880000084,7.8
2023-04-04 05:45:07,0,0.173609250800002,7.8
2023-04-04 06:00:07,0,0.1718859239999997,7.8
2023-04-04 06:15:07,0,0.17343792159999794,7.8
2023-04-04 06:30:07,0,0.17273431479999957,7.8
2023-04-04 06:45:07,0,0.17258135679999853,7.8
2023-04-04 07:00:07,0,0.17070709519999916,7.8
2023-04-04 07:15:07,0,0.170464385599999,7.8
2023-04-04 07:30:07,0,0.1715473119999995,7.8
2023-04-04 07:45:07,0,0.17033384520000006,7.8
2023-04-04 08:00:07,0,0.1722407215999997,7.8
2023-04-04 08:15:07,0,0.17048680319999931,7.8
2023-04-04 08:30:07,0,0.17141474840000015,7.8
2023-04-04 08:45:07,0,0.17021147879999887,7.8
2023-04-04 09:00:07,0,0.171649283999999,7.8
2023-04-04 09:15:07,0,0.1700585207999996,7.8
2023-04-04 09:30:07,0,0.16993615439999843,7.8
2023-04-04 09:45:07,0,0.17014009839999922,7.8
2023-04-04 10:00:07,0,0.1705663575999985,7.8
2023-04-04 10:15:07,0,0.16942224799999828,7.8
2023-04-04 10:30:07,0,0.16989131919999778,7.8
2023-04-04 10:45:07,0,0.16957520599999754,7.9
2023-04-04 11:00:07,0,0.16903273119999795,7.9
2023-04-04 11:15:07,0,0.17144946759999868,7.9
2023-04-04 11:30:07,0,0.17040530679999932,7.9
2023-04-04 11:45:07,0,0.1686493652000003,7.9
2023-04-04 12:00:07,0,0.16949573279999974,7.9
2023-04-04 12:15:07,0,0.16998519839999915,7.9
2023-04-04 12:30:07,0,0.1713842379999999,8.0
2023-04-04 12:45:07,0,0.17059703039999974,8.0
2023-04-04 13:00:07,0,0.173635796000001,8.0
2023-04-04 13:15:07,0,0.1715739383999999,8.0
2023-04-04 13:30:07,0,0.17196960599999933,8.0
2023-04-04 13:45:07,0,0.17154747439999873,8.0
2023-04-04 14:00:07,0,0.1717493951999991,8.1
2023-04-04 14:15:07,0,0.1737888351999981,8.1
2023-04-04 14:30:07,0,0.17227560319999924,8.1
2023-04-04 14:45:07,0,0.174979884399999,8.1
2023-04-04 15:00:07,0,0.17278343999999812,8.1
2023-04-04 15:15:07,0,0.17389291159999942,8.1
2023-04-04 15:30:07,0,0.1772375931999992,8.2
2023-04-04 15:45:07,0,0.17620565279999845,8.2
2023-04-04 16:00:07,0,0.17349934839999825,8.2
2023-04-04 16:15:07,0,0.1734483623999985,8.2
2023-04-04 16:30:07,0,0.17535523879999815,8.2
2023-04-04 16:45:07,0,0.17764960879999947,8.3
2023-04-04 17:00:07,0,0.17640352719999974,8.3
2023-04-04 17:15:07,0,0.17800448759999732,8.3
2023-04-04 17:30:07,0,0.17734369279999918,8.3
2023-04-04 17:45:07,0,0.1779575480000002,8.3
2023-04-04 18:00:07,0,0.17872233799999826,8.3
2023-04-04 18:15:07,0,0.17983383279999998,8.3
2023-04-04 18:30:07,0,0.17859997159999885,8.3
2023-04-04 18:45:07,0,0.17903027719999898,8.4
2023-04-04 19:00:07,0,0.18002757959999904,8.4
2023-04-04 19:15:07,0,0.18033551879999798,8.4
2023-04-04 19:30:07,0,0.17989703919999833,8.4
2023-04-04 19:45:07,0,0.17817168919999915,8.4
2023-04-04 20:00:07,0,0.17876514999999848,8.4
2023-04-04 20:15:07,0,0.1769908371999982,8.4
2023-04-04 20:30:07,0,0.178132923599998,8.4
2023-04-04 20:45:07,0,0.17794119999999758,8.4
2023-04-04 21:00:07,0,0.17675630159999933,8.4
2023-04-04 21:15:07,0,0.17599151159999948,8.4
2023-04-04 21:30:07,0,0.17622604719999835,8.4
2023-04-04 21:45:07,0,0.17439055119999836,8.3
2023-04-04 22:00:07,0,0.1754408627999986,8.3
2023-04-04 22:15:07,0,0.17472503559999808,8.3
2023-04-04 22:30:07,0,0.1762036295999998,8.3
2023-04-04 22:45:07,0,0.1734891511999983,8.3
2023-04-04 23:00:07,0,0.1740397999999992,8.3
2023-04-04 23:15:07,0,0.17629540439999936,8.3
2023-04-04 23:30:07,0,0.17542661919999958,8.3
2023-04-04 23:45:07,0,0.1755775540000002,8.3
2023-04-05 00:00:07,0,0.17476995200000012,8.3
2023-04-05 00:15:07,0,0.1720554736000004,8.3
2023-04-05 00:30:07,0,0.17316696840000034,8.3
2023-04-05 00:45:07,0,0.1729120383999998,8.3
2023-04-05 01:00:07,0,0.17124787160000032,8.3
2023-04-05 01:15:07,0,0.17381958920000073,8.3
2023-04-05 01:30:07,0,0.17452521919999953,8.3
2023-04-05 01:45:07,0,0.1764422928000009,8.4
2023-04-05 02:00:07,0,0.17375023199999973,8.4
2023-04-05 02:15:07,0,0.17279169520000082,8.4
2023-04-05 02:30:07,0,0.17507789119999728,8.4
2023-04-05 02:45:07,0,0.17432329839999738,8.4
2023-04-05 03:00:07,0,0.17225124359999988,8.4
2023-04-05 03:15:07,0,0.17113974879999994,8.4
2023-04-05 03:30:07,0,0.17414792280000135,8.4
2023-04-05 03:45:07,0,0.1733403207999995,8.4
2023-04-05 04:00:07,0,0.1720758680000003,8.4
2023-04-05 04:15:07,0,0.17320775719999837,8.4
2023-04-05 04:30:07,0,0.17156803120000141,8.4
2023-04-05 04:45:07,0,0.17423152359999783,8.4
2023-04-05 05:00:07,0,0.17426211519999946,8.4
2023-04-05 05:15:07,0,0.17467000319999748,8.4
2023-04-05 05:30:07,0,0.17312002879999788,8.4
2023-04-05 05:45:07,0,0.1723940043999992,8.4
2023-04-05 06:00:07,0,0.171933107200001,8.4
2023-04-05 06:15:07,0,0.17415811999999953,8.4
2023-04-05 06:30:07,0,0.17347288439999886,8.4
2023-04-05 06:45:07,0,0.17520025759999847,8.4
2023-04-05 07:00:07,0,0.1728916439999999,8.4
2023-04-05 07:15:07,0,0.17411530800000108,8.4
2023-04-05 07:30:07,0,0.17325259239999902,8.4
2023-04-05 07:45:07,0,0.17107039159999893,8.4
2023-04-05 08:00:07,0,0.17093782799999957,8.4
2023-04-05 08:15:07,0,0.171808636399998,8.4
2023-04-05 08:30:07,0,0.1705645779999987,8.4
2023-04-05 08:45:07,0,0.17192282879999965,8.5
2023-04-05 09:00:07,0,0.17377256840000044,8.5
2023-04-05 09:15:07,0,0.1740886815999989,8.5
2023-04-05 09:30:07,0,0.17185347159999864,8.5
2023-04-05 09:45:07,0,0.16849041879999938,8.5
2023-04-05 10:00:07,0,0.17072757079999867,8.5
2023-04-05 10:15:07,0,0.17275479039999908,8.5
2023-04-05 10:30:07,0,0.1719084228000014,8.6
2023-04-05 10:45:07,0,0.1720654272000015,8.6
2023-04-05 11:00:07,0,0.17225100000000104,8.6
2023-04-05 11:15:07,0,0.17180232319999966,8.6
2023-04-05 11:30:07,0,0.17163714480000003,8.6
2023-04-05 11:45:07,0,0.17012391280000116,8.6
2023-04-05 12:00:07,0,0.1710294403999999,8.6
2023-04-05 12:15:07,0,0.17343185200000022,8.6
2023-04-05 12:30:07,0,0.1767439188000015,8.6
2023-04-05 12:45:07,0,0.1783530532000004,8.6
2023-04-05 13:00:07,0,0.1786712707999989,8.6
2023-04-05 13:15:07,0,0.18388203999999853,8.6
2023-04-05 13:30:07,0,0.18324163960000028,8.5
2023-04-05 13:45:07,0,0.19037959839999985,8.5
2023-04-05 14:00:07,0,0.19469090959999846,8.5
2023-04-05 14:15:07,0,0.20048898879999832,8.4
2023-04-05 14:30:07,0,0.20275681359999886,8.4
2023-04-05 14:45:07,0,0.20421703639999933,8.4
2023-04-05 15:00:07,0,0.20313815639999966,8.3
2023-04-05 15:15:07,0,0.2034338752,8.3
2023-04-05 15:30:07,0,0.20580974159999954,8.3
2023-04-05 15:45:07,0,0.20568939840000056,8.3
2023-04-05 16:00:07,0,0.20506121839999736,8.3
2023-04-05 16:15:07,0,0.20505709079999868,8.2
2023-04-05 16:30:07,0,0.2023650299999975,8.2
2023-04-05 16:45:07,0,0.2021631092000007,8.2
2023-04-05 17:00:07,0,0.20133915919999978,8.2
2023-04-05 17:15:07,0,0.2016593187999991,8.2
2023-04-05 17:30:07,0,0.19869395679999968,8.2
2023-04-05 17:45:07,0,0.20013580840000067,8.2
2023-04-05 18:00:07,0,0.19584278720000015,8.2
2023-04-05 18:15:07,0,0.19711946039999972,8.2
2023-04-05 18:30:07,0,0.19426424439999934,8.1
2023-04-05 18:45:07,0,0.19444164319999935,8.1
2023-04-05 19:00:07,0,0.19285290320000037,8.1
2023-04-05 19:15:07,0,0.19153948759999828,8.1
2023-04-05 19:30:07,0,0.19282838119999823,8.1
2023-04-05 19:45:07,0,0.19075834959999938,8.1
2023-04-05 20:00:07,0,0.19060741480000054,8.1
2023-04-05 20:15:07,0,0.19041771439999877,8.1
2023-04-05 20:30:07,0,0.19105601039999875,8.1
2023-04-05 20:45:07,0,0.18766236599999964,8.0
2023-04-05 21:00:07,0,0.1875930088000004,8.0
2023-04-05 21:15:07,0,0.18491114519999918,8.0
2023-04-05 21:30:07,0,0.1858839255999989,8.0
2023-04-05 21:45:07,0,0.1827431879999999,8.0
2023-04-05 22:00:07,0,0.18382813760000083,8.0
2023-04-05 22:15:07,0,0.18239235559999933,8.0
2023-04-05 22:30:07,0,0.18271049199999823,8.0
2023-04-05 22:45:07,0,0.18363026319999953,8.0
2023-04-05 23:00:07,0,0.1812339211999987,8.0
2023-04-05 23:15:07,0,0.1793168475999991,7.9
2023-04-05 23:30:07,0,0.17845008559999975,7.9
2023-04-05 23:45:07,0,0.1793086735999978,7.9
2023-04-06 00:00:07,0,0.1784317143999985,7.9
2023-04-06 00:15:07,0,0.17791165719999746,7.9
2023-04-06 00:30:07,0,0.17823796759999944,7.9
2023-04-06 00:45:07,0,0.17809723000000055,7.8
2023-04-06 01:00:07,0,0.17868866759999769,7.8
2023-04-06 01:15:07,0,0.17819717879999963,7.8
2023-04-06 01:30:07,0,0.17808298639999798,7.8
2023-04-06 01:45:07,0,0.1778076619999993,7.8
2023-04-06 02:00:07,0,0.17955340640000017,7.8
2023-04-06 02:15:07,0,0.17646163159999873,7.7
2023-04-06 02:30:07,0,0.17711627559999954,7.7
2023-04-06 02:45:07,0,0.17849492079999862,7.7
2023-04-06 03:00:07,0,0.17766894759999907,7.7
2023-04-06 03:15:07,0,0.17792590079999826,7.7
2023-04-06 03:30:07,0,0.1762025739999995,7.7
2023-04-06 03:45:07,0,0.17808290519999836,7.7
2023-04-06 04:00:07,0,0.17651253639999887,7.7
2023-04-06 04:15:07,0,0.17464644879999902,7.7
2023-04-06 04:30:07,0,0.1749237963999981,7.7
2023-04-06 04:45:07,0,0.1749054252000004,7.6
2023-04-06 05:00:07,0,0.1729393887999997,7.6
2023-04-06 05:15:07,0,0.17272727080000116,7.6
2023-04-06 05:30:07,0,0.1740345356000006,7.6
2023-04-06 05:45:07,0,0.17216844799999897,7.6
2023-04-06 06:00:07,0,0.17155661600000016,7.6
2023-04-06 06:15:07,0,0.1725171759999995,7.6
2023-04-06 06:30:07,0,0.17194815599999913,7.6
2023-04-06 06:45:07,0,0.17270477200000123,7.6
2023-04-06 07:00:07,0,0.17244166799999938,7.6
2023-04-06 07:15:07,0,0.1725864519999991,7.6
2023-04-06 07:30:07,0,0.17136278799999793,7.6
2023-04-06 07:45:07,0,0.1696884239999985,7.6
2023-04-06 08:00:07,0,0.1688726479999989,7.6
2023-04-06 08:15:07,0,0.16850757199999933,7.6
2023-04-06 08:30:07,0,0.16926418799999787,7.6
2023-04-06 08:45:07,0,0.17002080399999997,7.6
2023-04-06 09:00:07,0,0.1695109439999989,7.6
2023-04-06 09:15:07,0,0.1702675599999992,7.6
2023-04-06 09:30:07,0,0.1695537559999991,7.6
2023-04-06 09:45:07,0,0.16949459599999805,7.6
2023-04-06 10:00:07,0,0.17065909999999818,7.6
2023-04-06 10:15:07,0,0.16923149199999976,7.6
2023-04-06 10:30:07,0,0.1709058559999992,7.7
2023-04-06 10:45:07,0,0.17145852799999872,7.7
2023-04-06 11:00:07,0,0.17064275199999912,7.7
2023-04-06 11:15:07,0,0.1705999399999989,7.7
2023-04-06 11:30:07,0,0.1678466959999998,7.7
2023-04-06 11:45:07,0,0.17221514400000082,7.8
2023-04-06 12:00:07,0,0.17160331200000023,7.8
2023-04-06 12:15:07,0,0.1692151440000007,7.8
2023-04-06 12:30:07,0,0.17068556400000112,7.8
2023-04-06 12:45:07,0,0.17078753599999885,7.8
2023-04-06 13:00:07,0,0.17007373200000053,7.9
2023-04-06 13:15:07,0,0.17078753599999885,7.9
2023-04-06 13:30:07,0,0.17037964799999905,7.9
2023-04-06 13:45:07,0,0.17068556400000112,7.9
2023-04-06 14:00:07,0,0.17119542399999865,7.9
2023-04-06 14:15:07,0,0.17129739599999994,8.0
2023-04-06 14:30:07,0,0.17337964799999916,8.0
2023-04-06 14:45:07,0,0.17252106000000111,8.0
2023-04-06 15:00:07,0,0.1716624719999995,8.0
2023-04-06 15:15:07,0,0.1724782479999991,8.0
2023-04-06 15:30:07,0,0.17151768799999978,8.0
2023-04-06 15:45:07,0,0.1740078279999988,8.0
2023-04-06 16:00:07,0,0.175231492,8.1
2023-04-06 16:15:07,0,0.1744157160000004,8.1
2023-04-06 16:30:07,0,0.17537627599999972,8.1
2023-04-06 16:45:07,0,0.17415261199999854,8.1
2023-04-06 17:00:07,0,0.17674472399999885,8.1
2023-04-06 17:15:07,0,0.17466247199999962,8.1
2023-04-06 17:30:07,0,0.17654077999999807,8.1
2023-04-06 17:45:07,0,0.17552106000000123,8.1
2023-04-06 18:00:07,0,0.17627767599999977,8.1
2023-04-06 18:15:07,0,0.17505401200000037,8.1
2023-04-06 18:30:07,0,0.17683034800000108,8.1
2023-04-06 18:45:07,0,0.1758106280000007,8.1
2023-04-06 19:00:07,0,0.17352443200000067,8.0
2023-04-06 19:15:07,0,0.17413626399999949,8.0
2023-04-06 19:30:07,0,0.17301457200000137,8.0
2023-04-06 19:45:07,0,0.17219879600000176,8.0
2023-04-06 20:00:07,0,0.17301457200000137,8.0
2023-04-06 20:15:07,0,0.1711790759999996,7.9
2023-04-06 20:30:07,0,0.17305738399999981,7.9
2023-04-06 20:45:07,0,0.17142583199999883,7.9
2023-04-06 21:00:07,0,0.17071202800000052,7.9
2023-04-06 21:15:07,0,0.17061005599999923,7.9
2023-04-06 21:30:07,0,0.1698962520000009,7.8
2023-04-06 21:45:07,0,0.17095878399999975,7.8
2023-04-06 22:00:07,0,0.17116272799999876,7.8
2023-04-06 22:15:07,0,0.1693863920000016,7.8
2023-04-06 22:30:07,0,0.16785681200000013,7.8
2023-04-06 22:45:07,0,0.16816272799999865,7.8
2023-04-06 23:00:07,0,0.16704103600000053,7.7
2023-04-06 23:15:07,0,0.16912328799999798,7.7
2023-04-06 23:30:07,0,0.16765286799999934,7.7
2023-04-06 23:45:07,0,0.16826469999999993,7.7
2023-04-07 00:00:07,0,0.16953117600000134,7.7
2023-04-07 00:15:07,0,0.16830751199999838,7.7
2023-04-07 00:30:07,0,0.16657398799999967,7.6
2023-04-07 00:45:07,0,0.1682483519999991,7.6
2023-04-07 01:00:07,0,0.16849510800000012,7.6
2023-04-07 01:15:07,0,0.16574186400000102,7.6
2023-04-07 01:30:07,0,0.16792608799999975,7.6
2023-04-07 01:45:07,0,0.16680439599999985,7.5
2023-04-07 02:00:07,0,0.1661925639999975,7.5
2023-04-07 02:15:07,0,0.16629453599999877,7.5
2023-04-07 02:30:07,0,0.16664326399999752,7.5
2023-04-07 02:45:07,0,0.1660314319999987,7.5
2023-04-07 03:00:07,0,0.1650117119999983,7.4
2023-04-07 03:15:07,0,0.1626235439999988,7.4
2023-04-07 03:30:07,0,0.1638900200000002,7.4
2023-04-07 03:45:07,0,0.1641959359999987,7.4
2023-04-07 04:00:07,0,0.1634821320000004,7.4
2023-04-07 04:15:07,0,0.1625215719999975,7.4
2023-04-07 04:30:07,0,0.1651136839999996,7.4
2023-04-07 04:45:07,0,0.1646038239999985,7.4
2023-04-07 05:00:07,0,0.1615018519999989,7.3
2023-04-07 05:15:07,0,0.1646038239999985,7.3
2023-04-07 05:30:07,0,0.16362691600000012,7.3
2023-04-07 05:45:07,0,0.16250522400000023,7.3
2023-04-07 06:00:07,0,0.16366972799999857,7.3
2023-04-07 06:15:07,0,0.16214014800000065,7.3
2023-04-07 06:30:07,0,0.1632026799999995,7.3
2023-04-07 06:45:07,0,0.1627947919999997,7.3
2023-04-07 07:00:07,0,0.1628967639999992,7.3
2023-04-07 07:15:07,0,0.16177507200000107,7.3
2023-04-07 07:30:07,0,0.16436718399999783,7.3
2023-04-07 07:45:07,0,0.1647750720000012,7.3
2023-04-07 08:00:07,0,0.16528493199999872,7.3
2023-04-07 08:15:07,0,0.1645283159999984,7.4
2023-04-07 08:30:07,0,0.16514014800000076,7.4
2023-04-07 08:45:07,0,0.16544606400000106,7.4
2023-04-07 09:00:07,0,0.1647322599999992,7.4
2023-04-07 09:15:07,0,0.1671204279999987,7.5
2023-04-07 09:30:07,0,0.16728155999999927,7.5
2023-04-07 09:45:07,0,0.1682421199999986,7.5
2023-04-07 10:00:07,0,0.1665085959999999,7.5
2023-04-07 10:15:07,0,0.1678770440000008,7.6
2023-04-07 10:30:07,0,0.16797901599999854,7.6
2023-04-07 10:45:07,0,0.1686928200000004,7.6
2023-04-07 11:00:07,0,0.17042634399999912,7.6
2023-04-07 11:15:07,0,0.1682421199999986,7.7
2023-04-07 11:30:07,0,0.17093620399999843,7.7
2023-04-07 11:45:07,0,0.1695677559999993,7.7
2023-04-07 12:00:07,0,0.1683012799999979,7.7
2023-04-07 12:15:07,0,0.169219027999997,7.7
2023-04-07 12:30:07,0,0.16999199199999993,7.8
2023-04-07 12:45:07,0,0.1705610120000003,7.8
2023-04-07 13:00:07,0,0.16847875999999928,7.8
2023-04-07 13:15:07,0,0.1689886199999986,7.8
2023-04-07 13:30:07,0,0.17062017199999957,7.9
2023-04-07 13:45:07,0,0.16935369599999817,7.9
2023-04-07 14:00:07,0,0.16890299599999992,7.9
2023-04-07 14:15:07,0,0.1707384919999999,7.9
2023-04-07 14:30:07,0,0.17308384800000098,8.0
2023-04-07 14:45:07,0,0.17181737199999958,8.0
2023-04-07 15:00:07,0,0.17091597199999953,8.0
2023-04-07 15:15:07,0,0.17254752399999873,8.0
2023-04-07 15:30:07,0,0.17270865600000107,8.0
2023-04-07 15:45:07,0,0.17205401200000026,8.1
2023-04-07 16:00:07,0,0.17327767599999966,8.1
2023-04-07 16:15:07,0,0.17480725599999936,8.1
2023-04-07 16:30:07,0,0.17409345199999926,8.1
2023-04-07 16:45:07,0,0.17384669600000002,8.1
2023-04-07 17:00:07,0,0.17445852799999884,8.1
2023-04-07 17:15:07,0,0.17572500399999846,8.1
2023-04-07 17:30:07,0,0.17633683600000083,8.1
2023-04-07 17:45:07,0,0.17664275199999935,8.2
2023-04-07 18:00:07,0,0.17705064000000093,8.2
2023-04-07 18:15:07,0,0.17756050000000023,8.2
2023-04-07 18:30:07,0,0.17817233199999905,8.2
2023-04-07 18:45:07,0,0.17837627599999983,8.2
2023-04-07 19:00:07,0,0.17817233199999905,8.2
2023-04-07 19:15:07,0,0.17909007999999993,8.2
2023-04-07 19:30:07,0,0.17817233199999905,8.2
2023-04-07 19:45:07,0,0.17603092000000053,8.2
2023-04-07 20:00:07,0,0.17603092000000053,8.1
2023-04-07 20:15:07,0,0.17603092000000053,8.1
2023-04-07 20:30:07,0,0.17354077999999795,8.1
2023-04-07 20:45:07,0,0.17368556400000124,8.1
2023-04-07 21:00:07,0,0.17485006799999958,8.1
2023-04-07 21:15:07,0,0.17505401200000037,8.1
2023-04-07 21:30:07,0,0.17556387199999968,8.1
2023-04-07 21:45:07,0,0.17235992799999877,8.0
2023-04-07 22:00:07,0,0.17205401200000026,8.0
2023-04-07 22:15:07,0,0.17205401200000026,8.0
2023-04-07 22:30:07,0,0.17150134000000072,8.0
2023-04-07 22:45:07,0,0.17119542399999865,8.0
2023-04-07 23:00:07,0,0.17337964799999916,8.0
2023-04-07 23:15:07,0,0.17358359199999995,8.0
2023-04-07 23:30:07,0,0.17460331200000034,8.0
2023-04-07 23:45:07,0,0.17566584399999918,8.0
2023-04-08 00:00:07,0,0.1745441519999993,8.0
2023-04-08 00:15:07,0,0.17444217999999978,8.0
2023-04-08 00:30:07,0,0.17311654400000087,7.9
2023-04-08 00:45:07,0,0.17352443200000067,7.9
2023-04-08 01:00:07,0,0.17362640400000018,7.9
2023-04-08 01:15:07,0,0.17342246000000117,7.9
2023-04-08 01:30:07,0,0.17134020800000016,7.9
2023-04-08 01:45:07,0,0.17256387199999956,7.9
2023-04-08 02:00:07,0,0.17388950799999847,7.9
2023-04-08 02:15:07,0,0.17201120000000003,7.8
2023-04-08 02:30:07,0,0.17217233199999882,7.8
2023-04-08 02:45:07,0,0.17151768799999978,7.8
2023-04-08 03:00:07,0,0.17121177199999948,7.8
2023-04-08 03:15:07,0,0.1728433239999987,7.8
2023-04-08 03:30:07,0,0.17253740800000017,7.8
2023-04-08 03:45:07,0,0.17319205200000098,7.8
2023-04-08 04:00:07,0,0.1727841639999994,7.8
2023-04-08 04:15:07,0,0.1722743040000001,7.8
2023-04-08 04:30:07,0,0.1726821919999999,7.8
2023-04-08 04:45:07,0,0.1719683879999998,7.8
2023-04-08 05:00:07,0,0.17115261199999843,7.7
2023-04-08 05:15:07,0,0.17064275199999912,7.7
2023-04-08 05:30:07,0,0.17074472399999863,7.7
2023-04-08 05:45:07,0,0.17054077999999784,7.7
2023-04-08 06:00:07,0,0.17201120000000003,7.7
2023-04-08 06:15:07,0,0.17088950799999836,7.7
2023-04-08 06:30:07,0,0.17205401200000026,7.7
2023-04-08 06:45:07,0,0.17032048799999977,7.7
2023-04-08 07:00:07,0,0.16930076799999938,7.6
2023-04-08 07:15:07,0,0.16726132800000038,7.6
2023-04-08 07:30:07,0,0.16583372000000196,7.6
2023-04-08 07:45:07,0,0.1653238599999991,7.6
2023-04-08 08:00:07,0,0.1694455520000009,7.7
2023-04-08 08:15:07,0,0.1681199160000002,7.7
2023-04-08 08:30:07,0,0.16766921600000018,7.7
2023-04-08 08:45:07,0,0.16919879600000165,7.7
2023-04-08 09:00:07,0,0.16783034800000074,7.7
2023-04-08 09:15:07,0,0.16956387199999945,7.7
2023-04-08 09:30:07,0,0.17099147999999964,7.8
2023-04-08 09:45:07,0,0.17201120000000003,7.8
2023-04-08 10:00:07,0,0.17119542399999865,7.8
2023-04-08 10:15:07,0,0.16982697599999952,7.8
2023-04-08 10:30:07,0,0.16992894799999902,7.8
2023-04-08 10:45:07,0,0.16886641600000019,7.8
2023-04-08 11:00:07,0,0.1702940239999986,7.9
2023-04-08 11:15:07,0,0.17161965999999929,7.9
2023-04-08 11:30:07,0,0.17263937999999968,7.9
2023-04-08 11:45:07,0,0.17035318399999966,7.9
2023-04-08 12:00:07,0,0.16969853999999884,7.9
2023-04-08 12:15:07,0,0.17051431599999844,7.9
2023-04-08 12:30:07,0,0.17204389599999992,8.0
2023-04-08 12:45:07,0,0.17336953199999883,8.0
2023-04-08 13:00:07,0,0.1713892519999991,8.0
2023-04-08 13:15:07,0,0.1722050279999987,8.0
2023-04-08 13:30:07,0,0.1740405239999987,8.1
2023-04-08 13:45:07,0,0.17175432799999868,8.1
2023-04-08 14:00:07,0,0.17185629999999996,8.1
2023-04-08 14:15:07,0,0.17318193599999887,8.1
2023-04-08 14:30:07,0,0.17389573999999897,8.1
